{"cameraMode":{"drawMode":0,"name":"Shaded","section":"Shading Mode"},"sceneLighting":true,"audioPlay":false,"sceneViewState":{"showFog":true,"showMaterialUpdate":false,"showSkybox":true,"showFlares":true,"showImageEffects":true,"showParticleSystems":true},"in2DMode":false,"pivot":{"x":7.062702178955078,"y":-2.6969757080078127,"z":32.54521179199219},"rotation":{"x":0.1733725219964981,"y":0.022463278844952585,"z":-0.003940434195101261,"w":0.984525740146637},"size":26.9610652923584,"orthographic":false}