{"cameraMode":{"drawMode":0,"name":"Shaded","section":"Shading Mode"},"sceneLighting":true,"audioPlay":false,"sceneViewState":{"showFog":true,"showMaterialUpdate":false,"showSkybox":true,"showFlares":true,"showImageEffects":true,"showParticleSystems":true},"in2DMode":false,"pivot":{"x":-45.5863151550293,"y":1.2047537565231324,"z":42.14754867553711},"rotation":{"x":-0.11959756910800934,"y":0.6104605793952942,"z":-0.09403087943792343,"w":-0.7774738073348999},"size":9.539048194885254,"orthographic":false}